OBJECTID;COUNTRY;NAME;N_TURBINES;POWER_MW;STATUS;TYPE_INST;UPDT_YEAR;START_YEAR;COAST_DIST_M;NOTES
1;Belgium;Belwind Alstom Haliade Demonstration Bligh Bank;1;6;Production; ;2024;2013;43900,77701; 
2;Denmark;Bochers Banke;0;1102,5;Planned; ;2024;0;17145,55062; 
3;Denmark;Bornholm Bassin Ost;0;1500;Planned; ;2024;0;41357,16176; 
4;Denmark;Bornholm Bassin Syd;0;1500;Planned; ;2024;0;52608,85867; 
5;Denmark;Femern;0;400;Planned; ;2024;0;1762,153578; 
6;Denmark;Femern Bugt;0;300;Planned; ;2024;0;10406,50282; 
7;Denmark;Frederikshavn Nord;0;500;Planned; ;2024;0;5195,759531; 
8;Denmark;Freya;0;1500;Planned; ;2024;0;60389,95911; 
9;Denmark;Gilleleje;0;210;Planned; ;2024;0;6142,347249; 
10;Denmark;Gjerrild Bugt;0;400;Planned; ;2024;0;9734,381239; 
11;Denmark;Grena;0;315;Planned; ;2024;0;9862,080525; 
12;Denmark;Guldborgsund;0;500;Planned; ;2024;0;8306,535564; 
13;Denmark;Guldborgsund Syd;0;500;Planned; ;2024;0;3520,970994; 
14;Denmark;Hanstholm Syd;0;500;Planned; ;2024;0;15722,17106; 
15;Denmark;Hirtshals Havn Offshore;0;350;Planned; ;2024;0;4444,277108; 
16;Denmark;Hirtshals Havn Syd;0;500;Planned; ;2024;0;7209,973165; 
17;Denmark;Klintebjerg;0;585;Planned; ;2024;0;12164,91089; 
18;Denmark;Laeso;0;540;Planned; ;2024;0;12084,02427; 
19;Denmark;Lolland;0;253;Planned; ;2024;0;20502,86457; 
20;Denmark;Lolland Syd;0;260;Planned; ;2024;0;5702,088481; 
21;Denmark;Lysegrund;0;550;Planned; ;2024;0;10304,95553; 
22;Denmark;Norddjurs;0;650;Planned; ;2024;0;18177,95313; 
23;Denmark;Odin (DK);0;2250;Planned; ;2024;0;130406,8978; 
24;Denmark;Romo;0;500;Planned; ;2024;0;11281,93967; 
25;Denmark;Sonderbjerg;0;285;Planned; ;2024;0;7410,848109; 
26;Denmark;Stevns Nord;0;350;Planned; ;2024;0;5186,762357; 
27;Denmark;Stokkebro;0;210;Planned; ;2024;0;23265,80119; 
28;Denmark;Thybo;0;4000;Planned; ;2024;0;115086,0186; 
29;Denmark;Thybo II;0;1760;Planned; ;2024;0;45544,13602; 
30;Denmark;Vigso Bay;0;450;Planned; ;2024;0;5189,609834; 
31;Denmark;Vindeby-Lolland;11;4,95;Dismantled; ;2024;1991;1676,312857; 
32;Estonia;Area 1 - Eesti Energia;0;1005;Planned; ;2024;0;12277,07761; 
33;Estonia;Area 2 - Eesti Energia;0;1005;Planned; ;2024;0;13651,72717; 
34;Estonia;ELWIND;0;1000;Planned; ;2024;0;10812,7116; 
35;Estonia;European Energy Estonia OÜ Area SaareWest;0;1000;Planned; ;2024;0;36846,3537; 
36;Estonia;Liivi Iaht Kihnu;0;960;Planned; ;2024;0;13628,2809; 
37;Estonia;Loode-Eesti Meretuulepark Hiiumaa;200;1100;Planned; ;2024;0;8027,171153; 
38;Estonia;Nasva Offshore;0;0;Planned; ;2024;0;984,0870188; 
39;Estonia;Saare;100;600;Planned; ;2024;0;17436,67701; 
40;Estonia;Saaremaa Roheenergia;0;0;Planned; ;2024;0;34021,57948; 
41;Estonia;Sõrve;0;1200;Planned; ;2024;0;17087,59829; 
42;Estonia;Sõrve 2;0;1200;Planned; ;2024;0;15059,82755; 
43;Estonia;Sunly SW1;0;84;Planned; ;2024;0;19392,69232; 
44;Estonia;Sunly SW10;0;72;Planned; ;2024;0;25851,33145; 
45;Estonia;Sunly SW11;0;108;Planned; ;2024;0;27920,97541; 
46;Estonia;Sunly SW12;0;72;Planned; ;2024;0;23116,20209; 
47;Estonia;Sunly SW13;0;72;Planned; ;2024;0;23116,20209; 
48;Estonia;Sunly SW2;0;114;Planned; ;2024;0;15080,9391; 
49;Estonia;Sunly SW3;0;144;Planned; ;2024;0;15706,99356; 
50;Estonia;Sunly SW4;0;132;Planned; ;2024;0;11615,19806; 
51;Estonia;Sunly SW5;0;84;Planned; ;2024;0;11157,10637; 
52;Estonia;Sunly SW6;0;492;Planned; ;2024;0;13029,02031; 
53;Estonia;Sunly SW7;0;252;Planned; ;2024;0;20115,39812; 
54;Estonia;Sunly SW8;0;120;Planned; ;2024;0;25473,22234; 
55;Estonia;Sunly SW9;0;120;Planned; ;2024;0;32967,48894; 
56;Estonia;Tuuletraal;0;1050;Planned; ;2024;0;31280,16435; 
57;Finland;Ajos 1;1;3;Dismantled; ;2025;2005;14,59668308;Decommission: 2016
58;Finland;Ajos 2-3;2;6;Dismantled; ;2025;2008;617,8415592;Decommission: 2016
59;Finland;Ajos 4;1;3;Dismantled; ;2025;2008;53,04014984;Decommission: 2016
60;Finland;Ajos 5;1;3;Dismantled; ;2025;2007;627,5147217;Decommission: 2016
61;Finland;Ajos 6-7;2;6;Dismantled; ;2025;2008;53,04014984;Decommission: 2016
62;Finland;Ajos 8-9-10-11;4;12;Dismantled; ;2025;2008;53,04014984;Decommission: 2016
63;Finland;Ajos Repowering Offshore Part;8;26,4;Production; ;2025;2017;787,9264653; 
64;Finland;Ajos Repowering Onshore Part;5;16;Production; ;2025;2017;787,9264653; 
65;Finland;Halla;0;1920;Planned; ;2024;0;33096,25476; 
66;Finland;Inkoo Inkoo-Raaseporin;60;300;Planned; ;2024;0;4411,254665; 
67;Finland;Kemi Ajos III Kemin Ajoksen III;0;189;Planned; ;2024;0;1272,295508; 
68;Finland;Korsnäs - Forststyrelsen;0;0;Planned; ;2024;0;15298,49182; 
69;Finland;Laine;0;1800;Planned; ;2024;0;31855,12917; 
70;Finland;Navakka;0;1500;Planned; ;2024;0;32683,58458; 
71;Finland;Noatun Syd;0;3000;Planned; ;2024;0;14040,41979; 
72;Finland;Norrskar;0;1550;Planned; ;2024;0;37726,72135; 
73;Finland;Pooki;0;2000;Planned; ;2024;0;11969,34737; 
74;Finland;Pori Offshore 1 Reposaaren Tuulipuisto;1;2,3;Production; ;2025;2010;918,3750599; 
75;Finland;Pori-Tahkoluoto Extension;0;0;Planned; ;2024;0;4409,467396; 
76;Finland;Pori-Tahkoluoto Pori 2;10;42;Production; ;2025;2017;5511,385051; 
77;Finland;Raahe Maanahkiaisen;70;350;Planned; ;2024;0;8449,569077; 
78;Finland;Raahe Pertunmatala;24;72;Planned; ;2024;0;7455,991538; 
79;Finland;Reimari;0;3600;Planned; ;2024;0;32691,16669; 
80;Finland;Tahkoluoto demonstration;2;30;Approved; ;2024;0;4185,066742; 
81;Finland;Tyrsky;0;1400;Planned; ;2024;0;13064,90044; 
82;Finland;Ulkonahkiainen;70;210;Planned; ;2024;0;17882,33654; 
83;Finland;Vagskär;98;1960;Planned; ;2024;0;33035,5802; 
84;Finland;Voima;0;1500;Planned; ;2024;0;32503,27472; 
85;Finland;Wellamo;0;2000;Planned; ;2024;0;16579,77092; 
86;France;AFLOWT France;0;6;Planned; ;2024;0;5500,835013; 
87;France;Eolink 20 MW Prototype;0;20;Planned; ;2024;0;6414,32643; 
88;France;Eolink Commercial;0;250;Planned; ;2024;0;6414,32643; 
89;France;Eolink Démonstrateur;0;5;Approved; ;2024;0;10339,6517; 
90;France;Eolink GW Scale;0;1000;Planned; ;2024;0;6414,32643; 
91;France;Eolink Prototype;1;0,2;Dismantled; ;2024;2018;406,0453311; 
92;France;FLOATGEN Demonstrator 1  IDEOL Gamesa;1;2;Production; ;2024;2018;10604,74102; 
93;France;Ideol & Quadran Floating Project Ailes Marines;0;500;Planned; ;2024;0;27892,70008; 
94;France;Le Carnet Prototype Haliade 150;1;6;Dismantled; ;2024;2012;5304,03498; 
95;France;NextFloat;0;6;Planned; ;2024;0;4796,078163; 
96;France;SEM-REV;0;8;Production; ;2024;2015;10400,68077; 
97;Germany;AquaPrimus;0;28;Planned; ;2024;0;5263,970474; 
98;Germany;Breitling;1;2,5;Production; ;2024;2006;358,7922517; 
99;Germany;Emden Offshore Enova;1;4,5;Production; ;2024;2004;378,400967; 
100;Germany;Hooksiel;1;5;Dismantled; ;2024;2008;758,4019571; 
101;Greece;Aegean Islands;0;0;Planned; ;2024;0;31873,25497; 
102;Greece;Diapontia Wind phase Five;4;20;Planned; ;2024;0;910,6565296; 
103;Greece;Diapontia Wind phase Nine;6;30;Planned; ;2024;0;4909,969733; 
104;Greece;Diapontia Wind phase Seven;3;15;Planned; ;2024;0;4125,546608; 
105;Greece;Diapontia Wind phase Six;4;20;Planned; ;2024;0;1494,483331; 
106;Greece;Musica 1;0;0;Planned; ;2024;0;2751,752447; 
107;Greece;Musica 2;0;0;Planned; ;2024;0;4009,577221; 
108;Greece;Thrakiki Wind 1 Thrakiki Aioliki 1;0;24;Planned; ;2024;0;1711,239098; 
109;Greece;Thrakiki Wind 1 Thrakiki Aioliki 2;0;24;Planned; ;2024;0;1120,366528; 
110;Greece;Thrakiki Wind 1 Thrakiki Aioliki 3;0;24;Planned; ;2024;0;1214,251514; 
111;Greece;Thrakiki Wind 1 Thrakiki Aioliki 4;0;24;Planned; ;2024;0;1924,170218; 
112;Greece;Thrakiki Wind 1 Thrakiki Aioliki 5;0;24;Planned; ;2024;0;2228,273086; 
113;Greece;Thrakiki Wind 1 Thrakiki Aioliki 6;0;24;Planned; ;2024;0;3029,678313; 
114;Greece;Thrakiki Wind 1 Thrakiki Aioliki 7;0;24;Planned; ;2024;0;1918,792909; 
115;Greece;Thrakiki Wind 1 Thrakiki Aioliki 8;0;24;Planned; ;2024;0;2472,113007; 
116;Greece;Thrakiki Wind 1 Thrakiki Aioliki 9;0;24;Planned; ;2024;0;2868,281717; 
117;Ireland;Aniar Offshore Array Phase 1;0;500;Planned; ;2024;0;12758,76014; 
118;Ireland;Aniar Offshore Array Phase 2;0;500;Planned; ;2024;0;19210,47663; 
119;Ireland;Arranmore Wind;0;1000;Planned; ;2024;0;20102,22746; 
120;Ireland;Atlantic Marine Energy Test Site;0;10;Approved; ;2024;0;10314,88811; 
121;Ireland;Banba Wind;0;1000;Planned; ;2024;0;13553,62732; 
122;Ireland;Blackwater;0;1500;Planned; ;2024;0;34688,58512; 
123;Ireland;Bore Array;0;500;Planned; ;2024;0;16347,51243; 
124;Ireland;Celtic Horizon;0;700;Planned; ;2024;0;14206,14707; 
125;Ireland;Celtic Offshore Renewable Energy;0;1680;Planned; ;2024;0;67589,98255; 
126;Ireland;Celtic One;0;800;Planned; ;2024;0;21928,75938; 
127;Ireland;Celtic Two;0;800;Planned; ;2024;0;64429,09864; 
128;Ireland;Clarus;0;1000;Planned; ;2024;0;27917,57028; 
129;Ireland;Cork Offshore Wind;0;1000;Planned; ;2024;0;31014,59518; 
130;Ireland;Dublin North East Wind;0;2500;Planned; ;2024;0;9205,841808; 
131;Ireland;East Celtic;0;900;Planned; ;2024;0;19662,61629; 
132;Ireland;Emerald - Commercial;0;700;Planned; ;2024;0;41647,6605; 
133;Ireland;Emerald - Demonstration;0;300;Planned; ;2024;0;41647,6605; 
134;Ireland;Greystones;0;1000;Planned; ;2024;0;24171,78649; 
135;Ireland;Haven Offshore Array;0;0;Planned; ;2024;0;29137,58406; 
136;Ireland;Helvick Head;0;800;Planned; ;2024;0;18322,47782; 
137;Ireland;Ilen Array;0;1500;Planned; ;2024;0;8416,235749; 
138;Ireland;Inis Ealga FOW;0;1000;Planned; ;2024;0;35343,06574; 
139;Ireland;Inis Offshore Wind Kerry;0;1000;Planned; ;2024;0;10083,52626; 
140;Ireland;Inis Offshore Wind Leinster;0;500;Planned; ;2024;0;27481,82176; 
141;Ireland;Inis Offshore Wind Munster;0;1000;Planned; ;2024;0;17174,93414; 
142;Ireland;Kinsale;0;1000;Planned; ;2024;0;24161,79795; 
143;Ireland;Latitude 52;0;1000;Planned; ;2024;0;19402,09475; 
144;Ireland;Lir Offshore Array;0;2000;Planned; ;2024;0;13995,82862; 
145;Ireland;Loch Garman;0;750;Planned; ;2024;0;7505,284528; 
146;Ireland;Mac Lir Offshore Wind;0;1000;Planned; ;2024;0;26066,33044; 
147;Ireland;Malin Wind;0;1000;Planned; ;2024;0;34479,73628; 
148;Ireland;Moneypoint Offshore One;0;400;Planned; ;2024;0;20416,31856; 
149;Ireland;Moneypoint Offshore Two;0;1100;Planned; ;2024;0;38973,07209; 
150;Ireland;Péarla Offshore Windfarm;0;1000;Planned; ;2024;0;51821,38941; 
151;Ireland;Réalt na Mara;0;1600;Planned; ;2024;0;11667,73528; 
152;Ireland;Rian Offshore Array Phase 1;0;2500;Planned; ;2024;0;48923,54729; 
153;Ireland;Rian Offshore Array Phase 2;0;0;Planned; ;2024;0;51419,34088; 
154;Ireland;Sea Stacks;0;800;Planned; ;2024;0;11416,60365; 
155;Ireland;Shelmalere;0;1000;Planned; ;2024;0;17654,75513; 
156;Ireland;SmartBay;0;0;Planned; ;2024;0;1424,280186; 
157;Ireland;SSE Renewables Celtic Sea;0;800;Planned; ;2024;0;16514,85217; 
158;Ireland;SSE Tarbert;0;0;Planned; ;2024;0;12236,54938; 
159;Ireland;Sunrise Wind (IE);0;1330;Planned; ;2024;0;17107,54645; 
160;Ireland;Tralee South West Wind;0;2500;Planned; ;2024;0;2140,106879; 
161;Ireland;Tulca Offshore Array Phase 1;0;1650;Planned; ;2024;0;18193,85327; 
162;Ireland;Tulca Offshore Array Phase 2;0;2240;Planned; ;2024;0;19099,28738; 
163;Ireland;Urban Sea;0;4000;Planned; ;2024;0;16354,16555; 
164;Ireland;Valentia Phase 1;0;920;Planned; ;2024;0;19409,60345; 
165;Ireland;Valentia Phase 2;0;620;Planned; ;2024;0;23496,50135; 
166;Ireland;Voyage Offshore Array;0;2900;Planned; ;2024;0;67873,23568; 
167;Ireland;West Ireland;0;2000;Planned; ;2024;0;52006,76065; 
168;Ireland;Western Star Floating Wind;0;1350;Planned; ;2024;0;21255,37708; 
169;Ireland;Wexford South East Wind;0;2500;Planned; ;2024;0;60765,5433; 
170;Ireland;Wicklow;0;500;Planned; ;2024;0;22755,11903; 
171;Italy;Abruzzo 1;0;1760;Planned; ;2024;0;15738,35665; 
172;Italy;Agnes 1 Romagna 1;0;120;Planned; ;2024;0;33442,38329; 
173;Italy;Agnes 2 Romagna 2;0;400;Planned; ;2024;0;35486,6891; 
174;Italy;APENESTE Offshore;0;915;Planned; ;2024;0;32573,84807; 
175;Italy;Atis;0;864;Planned; ;2024;0;24701,04492; 
176;Italy;Bari;0;600;Planned; ;2024;0;80280,02152; 
177;Italy;Barium Bay;0;1100;Planned; ;2024;0;19715,01549; 
178;Italy;Barletta Offshore;0;840;Planned; ;2024;0;29216,69684; 
179;Italy;Bluwind Brindisi;0;840;Planned; ;2024;0;25755,40727; 
180;Italy;Bluwind Civitavecchia;0;870;Planned; ;2024;0;27196,12495; 
181;Italy;Bluwind Manfredonia;0;825;Planned; ;2024;0;41562,54238; 
182;Italy;Bluwind Pozzallo;0;975;Planned; ;2024;0;32491,29526; 
183;Italy;BNW;0;504;Planned; ;2024;0;35702,26082; 
184;Italy;Brenda Energia;0;741;Planned; ;2024;0;22821,14139; 
185;Italy;BRN Civitavecchia;0;504;Planned; ;2024;0;25025,64988; 
186;Italy;Calypso;0;600;Planned; ;2024;0;28887,34114; 
187;Italy;Centrale Eolica Offshore Brindisi;0;108;Planned; ;2024;0;5596,065427; 
188;Italy;Civitavecchia A;0;225;Planned; ;2024;0;22685,71805; 
189;Italy;Civitavecchia B;0;375;Planned; ;2024;0;23916,43305; 
190;Italy;Del Toro 1;0;293;Planned; ;2024;0;15370,4536; 
191;Italy;Del Toro 2;0;293;Planned; ;2024;0;21813,08609; 
192;Italy;Dorada;108;1620;Planned; ;2024;0;9471,452536; 
193;Italy;Elymo A;0;858;Planned; ;2024;0;53301,98029; 
194;Italy;Elymo B;0;435;Planned; ;2024;0;30026,42477; 
195;Italy;Eureka Wind;0;570;Planned; ;2024;0;19755,03932; 
196;Italy;Euribia;0;660;Planned; ;2024;0;40472,33562; 
197;Italy;Fortevento;0;585;Planned; ;2024;0;8350,591185; 
198;Italy;Gargano Sud;85;340;Planned; ;2024;0;16649,75409; 
199;Italy;Golfo di Taranto;0;1500;Planned; ;2024;0;9004,045827; 
200;Italy;Gulf of Gela;0;384;Planned; ;2024;0;52516,10548; 
201;Italy;Hannibal;0;250;Planned; ;2024;0;36131,27854; 
202;Italy;Hope Group Manfredonia;0;945;Planned; ;2024;0;54800,29771; 
203;Italy;HyMed;0;3200;Planned; ;2025;0;26186,88164; 
204;Italy;Ichnusa;42;504;Planned; ;2024;0;16188,385; 
205;Italy;Ionio;28;420;Planned; ;2024;0;23296,56369; 
206;Italy;Iron Solar;0;525;Planned; ;2024;0;18609,38934; 
207;Italy;Kailia Energia;0;1176;Planned; ;2024;0;3618,608129; 
208;Italy;Krimisa;0;1100;Planned; ;2024;0;2180,515025; 
209;Italy;Lupiae Maris;0;525;Planned; ;2024;0;18609,38934; 
210;Italy;Marche 1;0;500;Planned; ;2024;0;11592,56203; 
211;Italy;Maxima Energia - 1;0;1140;Planned; ;2024;0;21153,47173; 
212;Italy;Maxima Energia - 2;0;1140;Planned; ;2024;0;24282,756; 
213;Italy;Mazara del Vallo Offshore;0;1110;Planned; ;2024;0;61559,83612; 
214;Italy;Mazara del Vallo Offshore 2;0;795;Planned; ;2024;0;52717,97597; 
215;Italy;Mazara del Vallo Offshore 3;0;810;Planned; ;2024;0;41945,30091; 
216;Italy;MDV - Mazara del Vallo;0;504;Planned; ;2024;0;52663,39862; 
217;Italy;Medio Adriatico;0;800;Planned; ;2024;0;10491,78483; 
218;Italy;MedWind;0;2793;Planned; ;2024;0;53379,39877; 
219;Italy;Messapia;0;1300;Planned; ;2024;0;25833,0483; 
220;Italy;Minervia Energia;0;675;Planned; ;2024;0;17026,7404; 
221;Italy;MoDiCa;0;510;Planned; ;2024;0;10693,75693; 
222;Italy;MoDiCa 2;0;510;Planned; ;2024;0;15865,12128; 
223;Italy;Molise;0;1800;Planned; ;2024;0;38517,32241; 
224;Italy;Monopoli;0;600;Planned; ;2024;0;61588,38379; 
225;Italy;NEREUS Offshore;0;2205;Planned; ;2024;0;33274,74452; 
226;Italy;Nora Energia 1;0;795;Planned; ;2024;0;7329,507789; 
227;Italy;Nora Energia 2;0;600;Planned; ;2024;0;13809,48218; 
228;Italy;Nuovo Porto Pino;0;705;Planned; ;2024;0;25062,27805; 
229;Italy;Nurax;0;462;Planned; ;2024;0;25406,04421; 
230;Italy;Odra Energia;0;1350;Planned; ;2024;0;15724,14329; 
231;Italy;Ostro;0;600;Planned; ;2024;0;5855,157376; 
232;Italy;Poseidon;72;1008;Planned; ;2024;0;49323,92702; 
233;Italy;Pozzallo Offshore;0;800;Planned; ;2024;0;42634,09371; 
234;Italy;Puglia 1;60;900;Planned; ;2024;0;39065,0932; 
235;Italy;Puglia A;0;1005;Planned; ;2024;0;9489,889017; 
236;Italy;Puglia B;0;930;Planned; ;2024;0;6708,387967; 
237;Italy;Ragusa Offshore;0;945;Planned; ;2024;0;3472,920119; 
238;Italy;Repower FOWT Scandale;0;495;Planned; ;2024;0;66153,92079; 
239;Italy;Repower FOWT Sicilia;0;495;Planned; ;2024;0;66091,51578; 
240;Italy;Rimini;0;330;Planned; ;2024;0;15825,35907; 
241;Italy;Romagna 3;0;320;Planned; ;2024;0;51069,45614; 
242;Italy;San Pietro Nord;0;510;Planned; ;2024;0;27849,20567; 
243;Italy;San Pietro Sud;0;504;Planned; ;2024;0;10167,5753; 
244;Italy;Santa Maria di Leuca;0;675;Planned; ;2024;0;41216,70448; 
245;Italy;Sardegna;0;480;Planned; ;2024;0;38609,67517; 
246;Italy;Sardegna 1;0;550;Planned; ;2024;0;15460,48741; 
247;Italy;Sardegna 2;0;825;Planned; ;2024;0;15901,06538; 
248;Italy;Sardinia Northeast - AvenHexicon;0;2150;Planned; ;2024;0;32746,45011; 
249;Italy;Sardinia Northwest - AvenHexicon;0;1350;Planned; ;2024;0;27874,84539; 
250;Italy;Sardinia South 1;0;1600;Planned; ;2024;0;37227,76915; 
251;Italy;Sardinia South 2;0;750;Planned; ;2024;0;36138,44531; 
252;Italy;Scicli;0;750;Planned; ;2024;0;34193,70151; 
253;Italy;Seabass;0;810;Planned; ;2024;0;21172,86981; 
254;Italy;Seawind Mazara;0;798;Planned; ;2024;0;40802,295; 
255;Italy;Sicilia 495 MW;0;495;Planned; ;2024;0;46335,65345; 
256;Italy;Sicilia A;0;1020;Planned; ;2024;0;48857,75475; 
257;Italy;Sicilia B;0;1005;Planned; ;2024;0;48857,75475; 
258;Italy;Sicily;0;504;Planned; ;2024;0;52663,39862; 
259;Italy;Sicily South - AvenHexicon;0;1200;Planned; ;2024;0;24616,52451; 
260;Italy;Taranto Offshore Beleolico;10;30;Production; ;2024;2022;1422,356469; 
261;Italy;Thalassa;0;525;Planned; ;2024;0;37188,42988; 
262;Italy;Tibula Energia;0;975;Planned; ;2024;0;12021,75123; 
263;Italy;Trinacria;56;840;Planned; ;2024;0;62031,71918; 
264;Italy;Veneto 1;0;500;Planned; ;2024;0;21020,94931; 
265;Italy;Vieste;0;1200;Planned; ;2024;0;24919,04805; 
266;Italy;Zefiro;168;2016;Planned; ;2024;0;1988,268461; 
267;Latvia;Baltic Wind Park Phase 1;0;200;Planned; ;2024;0;17203,50386; 
268;Latvia;Baltic Wind Park Phase 2;0;300;Planned; ;2024;0;17203,50386; 
269;Latvia;JK Energy;0;900;Planned; ;2024;0;6683,840607; 
270;Latvia;Kurzeme Offshore;0;1000;Planned; ;2024;0;50647,39834; 
271;Lithuania;Kurzéme;0;1000;Planned; ;2024;0;43840,73472; 
272;Netherlands;Irene Vorrink I H.v.d.Kroonenberg;19;11,4;Dismantled; ;2024;1996;6875,12849; 
273;Netherlands;Irene Vorrink II H.v.d.Kroonenberg;9;5,4;Dismantled; ;2024;1997;6875,12849; 
274;Netherlands;Lely Ijsselmeer;4;2;Dismantled; ;2024;1997;15813,80547; 
275;Netherlands;Westermeerdijk buitendijks Windpark Noordoostpolder-Westermeerwind;48;144;Production; ;2024;2016;6769,24356; 
276;Netherlands;Windpark Fryslân;89;382,7;Production; ;2024;2021;4100,121942; 
277;Netherlands;Windplanblauw;24;132;Production; ;2025;0;6714,939265; 
278;Norway;Sorlige Nordsjo II Phase 1;0;1000;Planned; ;2024;0;176650,0102; 
279;Poland;Baltic Power;76;1140;Construction; ;2025;0;28426,90698; 
280;Poland;Baltica 1;0;900;Planned; ;2024;0;68610,91383; 
281;Poland;Baltica 2;0;1498;Planned; ;2024;0;38842,06607; 
282;Poland;Baltica 2+;0;210;Planned; ;2024;0;35115,60644; 
283;Poland;Baltica 3;0;1045,5;Planned; ;2024;0;33058,53381; 
284;Poland;Baltyk I Phase 1;190;1140;Planned; ;2024;0;51081,33172; 
285;Poland;Baltyk I Phase 2;70;420;Planned; ;2024;0;57895,82734; 
286;Poland;Baltyk II;0;720;Planned; ;2024;0;38794,62712; 
287;Poland;Baltyk III;0;720;Planned; ;2024;0;26496,00776; 
288;Poland;B-Wind;0;200;Planned; ;2024;0;25173,27464; 
289;Poland;C-Wind;0;200;Planned; ;2024;0;27729,06227; 
290;Poland;FEW Baltic II;0;350;Planned; ;2025;0;30662,33922; 
291;Poland;Licence Application No. 76;0;14;Planned; ;2024;0;26149,80157; 
292;Portugal;Botafogo;0;990;Planned; ;2024;0;49845,67715; 
293;Portugal;Creoula;0;1440;Planned; ;2024;0;25435,73895; 
294;Portugal;Nortada;0;2000;Planned; ;2024;0;17265,34408; 
295;Portugal;Offshore Island Porto Santo OIPS;0;10;Planned; ;2024;0;4065,208957; 
296;Portugal;Viana do Castelo;0;600;Planned; ;2024;0;14473,39584; 
297;Portugal;WavEC;0;2;Planned; ;2024;0;10325,87023; 
298;Portugal;WindFloat Atlantic;3;25;Production; ;2024;2020;11992,72087; 
299;Portugal;WindFloat Prototype;1;2;Dismantled; ;2024;2012;6019,182706; 
300;Romania;Black Sea 1;0;500;Planned; ;2025;0;4083,551254; 
301;Romania;Black Sea 2;0;1400;Planned; ;2025;0;4118,987119; 
302;Spain;Albaicin;0;510;Planned; ;2024;0;6912,988645; 
303;Spain;Alisio Offshore;0;49,9;Planned; ;2024;0;3959,873127; 
304;Spain;Almadraba;0;495;Planned; ;2024;0;7960,790573; 
305;Spain;Alwind;0;300;Planned; ;2024;0;4836,639196; 
306;Spain;Andamana;0;240;Planned; ;2024;0;9573,47496; 
307;Spain;Archime 3;0;1,5;Planned; ;2024;0;2138,234592; 
308;Spain;Atlantida Iberdrola Floating;0;300;Planned; ;2024;0;9433,525535; 
309;Spain;Bandama Offshore;0;195;Planned; ;2024;0;2876,103465; 
310;Spain;Breogan;0;510;Planned; ;2024;0;4756,971147; 
311;Spain;Cabildo;0;49,9;Planned; ;2024;0;5149,766499; 
312;Spain;CanArray;0;48;Planned; ;2024;0;5205,567661; 
313;Spain;CanArray II;0;132;Planned; ;2024;0;6053,231409; 
314;Spain;Canary Island Test Area;0;310;Planned; ;2024;0;20234,40281; 
315;Spain;Canawind 1;0;250;Planned; ;2024;0;8533,283903; 
316;Spain;Canawind 2;0;250;Planned; ;2024;0;8207,455265; 
317;Spain;Cardon;0;50;Planned; ;2024;0;11214,22594; 
318;Spain;Catwind;0;1200;Planned; ;2024;0;20256,4717; 
319;Spain;Celta I;0;495;Planned; ;2024;0;30242,69439; 
320;Spain;Celta II;0;510;Planned; ;2024;0;35102,80538; 
321;Spain;Colombino;0;49,9;Planned; ;2024;0;4623,878751; 
322;Spain;Creus;0;510;Planned; ;2024;0;18611,49727; 
323;Spain;DemoSATH BIMEP;1;2;Production; ;2024;2023;3765,704496; 
324;Spain;DUNAS;0;50;Planned; ;2024;0;8376,031338; 
325;Spain;Elican;1;5;Production; ;2024;2018;3211,174072; 
326;Spain;Floating Power Plant - PLOCAN;0;8;Approved; ;2024;0;4643,189864; 
327;Spain;Flocan 5;5;25;Planned; ;2024;0;6224,221359; 
328;Spain;FLOTANT;0;10;Planned; ;2024;0;54037,35598; 
329;Spain;FOWCA;0;225;Planned; ;2024;0;9832,741347; 
330;Spain;Galwind;0;1000;Planned; ;2024;0;7371,829206; 
331;Spain;Gamesa 5MW Test Turbine Arinaga Offshore;1;4,5;Production; ;2024;2013;22,36593438; 
332;Spain;Gavina;0;500;Planned; ;2024;0;16263,47388; 
333;Spain;GEROA;0;45;Planned; ;2024;0;9344,529923; 
334;Spain;Gofio;0;50;Planned; ;2024;0;6469,002336; 
335;Spain;Gran Canaria Este Ocean Winds;0;144;Planned; ;2024;0;8348,946905; 
336;Spain;Gran Canaria Offshore;0;210;Planned; ;2024;0;14009,81806; 
337;Spain;Granadilla;0;50;Planned; ;2024;0;1082,323589; 
338;Spain;Guanche;0;50;Planned; ;2024;0;7332,08511; 
339;Spain;Hivewind demonstration PlemCat;0;11;Planned; ;2024;0;16961,86357; 
340;Spain;Juan Sebastian Elcano;0;522;Planned; ;2024;0;32624,63076; 
341;Spain;L’Emporda;0;510;Planned; ;2024;0;18426,71379; 
342;Spain;La Pinta;0;990;Planned; ;2024;0;23628,20125; 
343;Spain;Lanzarote Este;0;50;Planned; ;2024;0;4146,672463; 
344;Spain;Mar de Agata;0;300;Planned; ;2024;0;9514,412806; 
345;Spain;Marino Drago;0;260;Planned; ;2024;0;8347,726317; 
346;Spain;Marino Maresia;0;254;Planned; ;2024;0;9727,838334; 
347;Spain;Medfloat Pilot Parc;0;50;Planned; ;2024;0;10028,18534; 
348;Spain;Mencey;0;150;Planned; ;2024;0;6918,857716; 
349;Spain;Mojo;0;50;Planned; ;2024;0;9653,714084; 
350;Spain;MPS demo - BiMEP;0;2,5;Planned; ;2024;0;2730,413479; 
351;Spain;Multiplat 2;0;10;Planned; ;2024;0;4643,189864; 
352;Spain;Musica 4;0;0;Planned; ;2024;0;4560,567976; 
353;Spain;Nao Victoria;0;990;Planned; ;2024;0;7992,516706; 
354;Spain;Nautilus (ES);0;2;Planned; ;2024;0;16461,40101; 
355;Spain;Nordes Phase 1;0;525;Planned; ;2024;0;56960,28129; 
356;Spain;Nordes Phase 2;0;675;Planned; ;2024;0;56960,28129; 
357;Spain;Ocean H2;0;6;Planned; ;2024;0;37629,06633; 
358;Spain;Pivot Buoy - PLOCAN;0;0,22;Construction; ;2025;0;2796,178625; 
359;Spain;Plocan;5;50;Production; ;2024;2017;3211,174072; 
360;Spain;PLOCAN hybrid floating;0;2;Planned; ;2024;0;52946,79103; 
361;Spain;PLOCAN W2Power WIP10 Scale prototype;1;0,2;Dismantled; ;2024;0;2592,062956; 
362;Spain;Poniente I;0;435;Planned; ;2024;0;34255,16473; 
363;Spain;Poniente II;0;480;Planned; ;2024;0;36463,4424; 
364;Spain;Sahariano;0;49,9;Planned; ;2024;0;4137,384509; 
365;Spain;Salinas I;0;49,9;Planned; ;2024;0;9791,659921; 
366;Spain;San Augustin I;0;49,9;Planned; ;2024;0;9420,232152; 
367;Spain;San Borondón;0;238;Planned; ;2024;0;5579,290492; 
368;Spain;San Brandan;0;490;Planned; ;2024;0;21519,80191; 
369;Spain;San Cibrao;0;490;Planned; ;2024;0;20072,03874; 
370;Spain;SeaWorthy;0;4,3;Planned; ;2024;0;4643,189864; 
371;Spain;Talasa;0;50;Planned; ;2024;0;7332,08511; 
372;Spain;Tarahal;0;225;Planned; ;2024;0;12448,62749; 
373;Spain;The Wheel;0;6;Planned; ;2024;0;11896,67207; 
374;Spain;Timanfaya;0;50;Planned; ;2024;0;2739,011945; 
375;Spain;Tramuntana Phase 1;0;450;Planned; ;2024;0;15165,27781; 
376;Spain;Varuna;0;300;Planned; ;2024;0;5296,369375; 
377;Spain;Ventus Offshore;0;600;Planned; ;2024;0;6848,22643; 
378;Spain;Volanteiro;0;510;Planned; ;2024;0;32564,32763; 
379;United Kingdom;Aspen;0;1500;Planned; ;2024;0;62514,20181; 
380;United Kingdom;Avalon;0;1500;Planned; ;2024;0;107727,6059; 
381;United Kingdom;Beatrice Demonstration;2;10;Dismantled; ;2025;2007;25483,24526;Decommission: 2016
382;United Kingdom;Beech South;0;1500;Planned; ;2024;0;211714,8314; 
383;United Kingdom;Cenos;0;1400;Planned; ;2024;0;136577,1972; 
384;United Kingdom;Central North Sea Electrification;0;250;Planned; ;2024;0;228547,9255; 
385;United Kingdom;Dolphyn (commercial);0;300;Planned; ;2024;0;24726,4026; 
386;United Kingdom;Dolphyn (full scale);0;2000;Planned; ;2024;0;23149,11574; 
387;United Kingdom;Dolphyn (precommercial);0;10;Planned; ;2024;0;16774,37424; 
388;United Kingdom;Draig Y Môr;0;100;Planned; ;2024;0;11892,96284; 
389;United Kingdom;East Anglia Two;75;900;Approved; ;2025;0;51624,27678; 
390;United Kingdom;Erebus (Commercial) Blue Gem Wind;0;600;Planned; ;2025;0;41129,02832; 
391;United Kingdom;Forthwind Offshore Wind Demonstration Project - 2;7;53;Planned; ;2024;0;3147,548098; 
392;United Kingdom;Harbour Energy North (INTOG);0;15;Planned; ;2024;0;45857,65865; 
393;United Kingdom;Llyr 1;0;100;Planned; ;2024;0;41039,12644; 
394;United Kingdom;Llyr 2;0;100;Planned; ;2024;0;34555,94393; 
395;United Kingdom;Llywelyn;0;300;Planned; ;2024;0;74172,56346; 
396;United Kingdom;Neos;0;25;Planned; ;2024;0;208004,4262; 
397;United Kingdom;Nomadic Offshore Wind;0;400;Planned; ;2024;0;10269,30577; 
398;United Kingdom;North Channel Wind 1;0;300;Planned; ;2024;0;10570,33304; 
399;United Kingdom;North Channel Wind 2;0;100;Planned; ;2024;0;12367,91921; 
400;United Kingdom;Olympic Wind (GB);0;1300;Planned; ;2024;0;2638,989498; 
401;United Kingdom;Orcadian Microgrid;0;105;Planned; ;2024;0;94125,83688; 
402;United Kingdom;Petroc;0;300;Planned; ;2024;0;53405,14859; 
403;United Kingdom;SENSE Wind Pelastar Full-Scale Prototype;0;15;Planned; ;2024;0;13953,97071; 
404;United Kingdom;SENSEWind Demonstrator;0;2;Planned; ;2024;0;2899,168242; 
405;United Kingdom;Shearwater One;0;3000;Planned; ;2024;0;24266,71724; 
406;United Kingdom;Spiorad na Mara;0;840;Planned; ;2024;0;110292,1382; 
407;United Kingdom;Trivane Demonstrator;0;1;Planned; ;2024;0;2287,98316; 
408;United Kingdom;Walney Phase 1;51;183,6;Production; ;2025;2011;26837,11095; 
409;United Kingdom;Whitecross;0;100;Planned; ;2024;0;31697,64223; 
410;Sweden;Anemone;0;0;Planned; ;2025;0;16577,95358; 
411;Sweden;Aurora Offshore (SE);0;5,5;Planned; ;2024;0;1756,814149; 
412;Sweden;Baltic Central Offshore;0;4000;Planned; ;2025;0;12705,86082; 
413;Sweden;Gävle West;0;4000;Planned; ;2025;0;49019,63331; 
414;Sweden;Gotland;0;1500;Planned; ;2025;0;21925,46736; 
415;Sweden;Heimdall;0;2400;Planned; ;2025;0;29116,82607; 
416;Sweden;Hudiksvall;0;1500;Planned; ;2025;0;31104,81878; 
417;Sweden;Kattegatt;0;1500;Planned; ;2025;0;19125,92412; 
418;Sweden;Langgrund;0;0;Planned; ;2024;0;5268,066428; 
419;Sweden;Langgrund II;0;0;Planned; ;2024;0;8452,403254; 
420;Sweden;Lulea-Kalix I;0;1200;Planned; ;2025;0;43484,74992; 
421;Sweden;Lulea-Kalix II;0;1800;Planned; ;2025;0;30164,49067; 
422;Sweden;Njord;0;0;Planned; ;2025;0;1756,814149; 
423;Sweden;Norra Klasgrunden;0;0;Planned; ;2025;0;2976,36519; 
424;Sweden;Oxelösund;0;600;Planned; ;2025;0;12931,72604; 
425;Sweden;SeaTwirl 3MW;1;3;Dismantled; ;2025;2011;3153,881769;Decommission: 2019
426;Sweden;Södra Klasgrunden;0;0;Planned; ;2025;0;3699,636035; 
427;Sweden;Sotenäs Offshore Park;0;10;Planned; ;2025;0;2895,272716; 
428;Sweden;Stenkalles grund;0;100;Approved; ;2025;0;108448,7926; 
429;Sweden;Väktaren;0;0;Planned; ;2025;0;4731,68032; 
430;Sweden;Vänern;7;0,021;Production; ;2024;2009;113427,7349; 
431;Sweden;Galatea-Galene;21;400;Planned; ;2025;0;23454,8007; 
432;Sweden;Simpevarp;0;800;Planned; ;2025;0;13720,64402; 
433;Sweden;Vänern Gasslingegrund Offshore;7;21;Production; ;2025;2009;113427,7349; 
434;Sweden;Auramaris;0;0;Planned; ;2025;0;35225,39657; 
435;Sweden;Bylgia;0;0;Planned; ;2025;0;30974,74592; 
436;Sweden;GinstVind;0;1000;Planned; ;2025;0;18676,34218; 
437;Sweden;Ostanvind;0;0;Planned; ;2025;0;37849,24475; 
438;Romania;RO-1;0;1000;Planned; ;2025;0;27058,12476; 
